Workbook

Sheet Bug Log
A1: ID | B1: Applies to | C1: Severity | D1: Type | E1: Area | F1: Title | G1: What happens | H1: How found / evidence | I1: Date found | J1: Status | K1: Fixed in | L1: Notes
A2: BUG-001 | B2: USA + Europe | C2: Medium | D2: Bug | E2: Number boxes | F2: Typed number box can show a value the board did not keep | G2: Type 99 into "Trains left" when trains are already at 45. The board clamps to 45 but the box keeps showing 99. Same for Stations (Europe), Tickets, and a typed decimal that rounds to the current value. The final-score box and the +/- buttons are fine. | H2: Read of Board.svelte (commitNumber): when the clamped value equals the current one, the state object is unchanged, so the box is never reset. | I2: 2026-10-28 | J2: Fixed | K2: Fix round 1, 2026-10-28 | L2: Typed number boxes now show the value that was actually kept (clamped or rounded). Logic tests pass; the box itself is untested because Svelte is not compiled here. Recheck in the live app.
A3: BUG-002 | B3: USA + Europe | C3: High | D3: Bug | E3: Game over button | F3: Game over has no confirmation and works with no scores | G3: If nobody has a final score, the result screen is pre-filled with everyone tied for 1st. One accidental tap on the large primary button can submit a bogus result. It is also available mid-game and before the final round is finished. | H3: Probe: placements() on a fresh game returns one group of all players. Board.svelte: button only disabled if onfinish is missing. | I3: 2026-10-28 | J3: Fixed | K3: Fix round 1, 2026-10-28 | L3: Game over now asks first, listing warnings: no scores entered, players without a score, final round not started or not finished. finishWarnings() has tests. Recheck the confirm panel in the live app.
A4: BUG-003 | B4: USA + Europe | C4: Low | D4: Bug | E4: Game clock | F4: Game clock never stops | G4: "Playing for..." keeps counting after the last score is entered and eventually turns red as "over" even though the game has ended. | H4: Probe: clock() has no finished flag; Board.svelte keeps ticking every 15 s. | I4: 2026-10-28 | J4: Fixed | K4: Fix round 1, 2026-10-28 | L4: The clock freezes when the last final score goes in ("Finished after ... early/over") and restarts if a score is cleared. syncEnded()/clock() have tests. Recheck in the live app.
A5: BUG-004 | B5: USA + Europe | C5: Medium | D5: Bug | E5: Game clock | F5: Planned game length is set in two places | G5: The pack's defaultDuration (1 hour) and the board setting "Planned game length in minutes" (60) do not talk to each other. Changing one does not change the other, so the planned end time can disagree with the library game. | H5: Compared classics entries with SETTINGS.plannedMinutes. | I5: 2026-10-28 | J5: In progress | L5: Only the board side could be done: the setting is relabelled as a fallback that should equal the library game length. Fully fixed only if the host passes endsAt (or the pack and board share one value). Needs your call. Round 3: cannot be closed inside the packs. Blocked on the host passing endsAt, or you choosing to keep the two numbers equal by hand.
A6: BUG-005 | B6: USA + Europe | C6: Low | D6: Bug | E6: Final score | F6: Final score -1 / -10 works from a blank box | G6: Tapping -1 or -10 on a player with no score immediately enters -1 or -10, which looks like a score the GM typed. | H6: Read of Board.svelte (bumpScore): treats a blank score as 0 before adding. | I6: 2026-10-28 | J6: Fixed | K6: Fix round 1, 2026-10-28 | L6: The -1 and -10 buttons are disabled on a blank score, and bumpFinalScore() ignores downward steps from blank. +1 and +10 still start from 0. Has tests.
A7: BUG-006 | B7: Europe only | C7: Low | D7: Bug | E7: Wording | F7: Wrong bonus name shown on the Europe board | G7: The note above the scores table says "Longest Route bonus". Europe calls it the European Express. | H7: grep of ticket-to-ride-europe/Board.svelte. | I7: 2026-10-28 | J7: Fixed | K7: Fix round 2, 2026-10-28 | L7: The Europe note now says "European Express bonus". Text only; recheck on screen.
A8: BUG-007 | B8: Europe only | C8: Low | D8: Bug | E8: Recap | F8: Recap message has a double colon | G8: Reads "Ticket to Ride: Europe: you finished 1st..." (and "...: no final score was entered..."). | H8: Probe output of recap(). | I8: 2026-10-28 | J8: Fixed | K8: Fix round 2, 2026-10-28 | L8: Recap now opens "Ticket to Ride Europe: ..." (no double colon) in both recap lines. Has a test.
A9: BUG-008 | B9: USA + Europe | C9: Medium | D9: Risk | E9: Game clock | F9: Opening the tab saves state, which could overwrite another device | G9: The board saves its start time the first time the tab opens. If two GM devices open it at once, the second could save an older copy of the state over the first one's edits. Depends on how the host handles simultaneous saves. | H9: Read of Board.svelte ($effect calling onchange on mount). Not reproduced; needs host testing. | I9: 2026-10-28 | J9: Fixed | K9: Fix round 2, 2026-10-28 | L9: Opening the tab no longer saves anything. The open time is kept in memory and stamped into the first real change (and the finish time into the change that completes the scores). A device that only looks cannot overwrite edits. Caveat: if the tab is reloaded before any edit, the start time resets to that reload. Recheck in the live app.
A10: BUG-009 | B10: USA + Europe | C10: Low | D10: Bug | E10: Final round | F10: Final-round banner is on from the start with some settings | G10: If starting trains is set to the final-round trigger or lower (for example trains 2, trigger 2), the banner shows from the first moment. | H10: Probe: status().finalActive with trainsStart=2. | I10: 2026-10-28 | J10: Fixed | K10: Fix round 2, 2026-10-28 | L10: Players who have not used a train never count toward the final round, so overlapping settings no longer start it at turn one (also applies to the "trains left" badge). Has tests.
A11: BUG-010 | B11: USA + Europe | C11: Low | D11: Bug | E11: Game clock | F11: Host planned end earlier than start shows "over" immediately | G11: If the host ever supplies an end time before the start time, the clock reads as over from the first second. | H11: Probe: clock() with startedAt=1000, endsAt=500. | I11: 2026-10-28 | J11: Fixed | K11: Fix round 2, 2026-10-28 | L11: A host planned end at or before the start is ignored and the planned-length setting is used instead. Has tests.
A12: BUG-011 | B12: USA + Europe | C12: Low | D12: Bug | E12: Recap | F12: Empty player name gives "Winner: with 5 points." | G12: A player with an empty name leaves a blank in other players' recap messages. | H12: Probe output of recap() with a blank name. | I12: 2026-10-28 | J12: Fixed | K12: Fix round 3, 2026-10-28 | L12: A blank or spaces-only name now reads "Player" in recaps, warnings and the board. Has tests.
A13: BUG-012 | B13: USA + Europe | C13: Medium | D13: Unverified | E13: Crown | F13: Unknown how the crown treats everyone reading 0 until scores are in | G13: score() returns 0 for every player until every player has a final score. The host might crown nobody, everybody or the first player. | H13: Cannot test outside the real app. Test with a live game before game night. | I13: 2026-10-28 | J13: Needs testing | L13: Round 3: the contract does not say how the crown treats ties or all-zero scores, so nothing in the pack can fix or confirm this. Test in a live game; if everyone is crowned, the host should treat an all-equal crown as no leader.
A14: BUG-013 | B14: USA + Europe | C14: Medium | D14: Unverified | E14: Board.svelte | F14: Svelte files not compiled or rendered | G14: Layout on a 360 px phone, the final-score row fit, the wide two-column view and type checks in the template are untested. Logic tests cover def.ts only (USA 41, Europe 47 passing). | H14: No Svelte compiler or browser in the test environment. | I14: 2026-10-28 | J14: Needs testing | L14: Round 3: static check of both files found balanced blocks, no undefined names and no unused declarations. Mirror renders cover 14 scenes at 320, 360 and 1280 px. Still not compiled with Svelte; confirm in the live app.
A15: BUG-014 | B15: USA + Europe | C15: Medium | D15: Visual | E15: Final round | F15: Final-round banner stays up after every score is entered | G15: Once all final scores are in, the banner still says "Still to play: [every player]" and "gets one more turn". It never clears, so it contradicts the "Final result" table underneath. | H15: screenshots/usa-scored-long.png, eu-wide.png. Cause: banner depends only on trains, not on scores being in. Seen in a mirror render (real Board.svelte CSS + real def.ts, not the compiled app); confirm in the live app. | I15: 2026-10-28 | J15: Fixed | K15: Fix round 3, 2026-10-28 | L15: The final-round banner is hidden once every final score is in. Checked in the mirror render (real CSS and logic, not the compiled app); recheck in the live app.
A16: BUG-015 | B16: USA + Europe | C16: Medium | D16: Visual | E16: Final result table | F16: Tie-break columns are cut off on phones | G16: At 360 px with longer names the table scrolls sideways and hides the last columns: Tickets (USA), Stations and Tickets (Europe). Those are the columns that explain a "2nd=" tie. At 320 px even Trains is cut. Nothing hints that it scrolls. | H16: screenshots/usa-scored-long.png, eu-scored-long.png, eu-w320.png. Seen in a mirror render (real Board.svelte CSS + real def.ts, not the compiled app); confirm in the live app. | I16: 2026-10-28 | J16: Fixed | K16: Fix round 3, 2026-10-28 | L16: The result table is now Place, Player, Score. Trains, Stations and Tickets sit under each name, so nothing hides behind a sideways scroll at 320 or 360 px. Checked in the mirror render (real CSS and logic, not the compiled app); recheck in the live app.
A17: BUG-016 | B17: USA + Europe | C17: Low | D17: Visual | E17: Tap targets | F17: Several controls are smaller than the board's own big-tap-target goal | G17: Seat buttons are 40 px. Player-name links in the table are 19 to 31 px wide by 40 px tall ("Cy" is 19 px). The "Last turn still to play" chip is 42 px tall even though it is marked big (the chip rule overrides it). | H17: Measured in the mirror at 360 px (usa-final, eu-final). Seen in a mirror render (real Board.svelte CSS + real def.ts, not the compiled app); confirm in the live app. | I17: 2026-10-28 | J17: Fixed | K17: Fix round 3, 2026-10-28 | L17: Seats are at least 44 px, name links at least 44 px, the "Last turn" chip 48 px, other chips 44 px, stepper buttons 45 px. Mirror measured 0 controls under 44 px in all 14 scenes. Checked in the mirror render (real CSS and logic, not the compiled app); recheck in the live app.
A18: BUG-017 | B18: USA + Europe | C18: Medium | D18: Visual | E18: Phone layout | F18: Tapping a seat on a phone does not bring that player's panel into view | G18: On narrow screens the selected player's panel sits below the table, often off-screen. Tapping a seat only moves a ring; the page does not scroll. Only the wide layout scrolls to the panel. | H18: Read of Board.svelte (pick() scrolls only when wide); layout seen in eu-final.png. Seen in a mirror render (real Board.svelte CSS + real def.ts, not the compiled app); confirm in the live app. | I18: 2026-10-28 | J18: Fixed | K18: Fix round 3, 2026-10-28 | L18: Tapping a seat, a "not at the table" chip or a name in the table now scrolls that player's panel into view on phones as well. Checked in the mirror render (real CSS and logic, not the compiled app); recheck in the live app.
A19: BUG-018 | B19: USA + Europe | C19: Low | D19: Visual | E19: Header text | F19: Clock line and Game over button wrap awkwardly on phones | G19: "12 min over" splits across two lines ("12 / min over", "1h / 10m over"). The Game over button label wraps to two lines. | H19: screenshots/eu-final.png, usa-scored-long.png. Seen in a mirror render (real Board.svelte CSS + real def.ts, not the compiled app); confirm in the live app. | I19: 2026-10-28 | J19: Fixed | K19: Fix round 3, 2026-10-28 | L19: The clock line wraps between its parts, not inside them, and the button reads "Game over: open results" (one line). Checked in the mirror render (real CSS and logic, not the compiled app); recheck in the live app.
A20: BUG-019 | B20: USA + Europe | C20: Low | D20: Visual | E20: Table drawing | F20: Long names are cut off on seats, and labels crowd each other at 320 px | G20: First names over about 9 letters show as "Maximili…" and "Christop…". A long table name shows as "The big family dinin…". At 320 px neighbouring seat labels nearly touch, and the selected ring touches its label. | H20: screenshots/usa-scored-long.png, eu-w320.png. Seen in a mirror render (real Board.svelte CSS + real def.ts, not the compiled app); confirm in the live app. | I20: 2026-10-28 | J20: Fixed | K20: Fix round 3, 2026-10-28 | L20: Seat labels get the widest room that avoids neighbours (1.5 to 2.2 seat widths); the table name wraps to two lines; label spacing increased. No label overlaps at 320 px in the mirror. Checked in the mirror render (real CSS and logic, not the compiled app); recheck in the live app.
A21: BUG-020 | B21: USA + Europe | C21: Low | D21: Visual | E21: Table drawing | F21: Table panel keeps a fixed tall height, leaving blank space | G21: The table area is always as tall as 0.8 times its width, even for a small table. On a phone this wastes about 100 to 150 px and pushes the player controls down (worst with a small or square table). | H21: screenshots/usa-square-table.png. Seen in a mirror render (real Board.svelte CSS + real def.ts, not the compiled app); confirm in the live app. | I21: 2026-10-28 | J21: Fixed | K21: Fix round 3, 2026-10-28 | L21: The table drawing is now only as tall as its seats and labels need, so empty seats at the top or bottom leave no blank band. Checked in the mirror render (real CSS and logic, not the compiled app); recheck in the live app.

Sheet Summary
A1: Ticket to Ride boards: bug log summary
A3: By status | B3: USA + Europe | C3: Europe only | D3: USA only | E3: All
A4: Open | B4: =COUNTIFS('Bug Log'!$J$2:$J$200,$A4,'Bug Log'!$B$2:$B$200,B$3) -> 0 | C4: =COUNTIFS('Bug Log'!$J$2:$J$200,$A4,'Bug Log'!$B$2:$B$200,C$3) -> 0 | D4: =COUNTIFS('Bug Log'!$J$2:$J$200,$A4,'Bug Log'!$B$2:$B$200,D$3) -> 0 | E4: =SUM(B4:D4) -> 0
A5: In progress | B5: =COUNTIFS('Bug Log'!$J$2:$J$200,$A5,'Bug Log'!$B$2:$B$200,B$3) -> 1 | C5: =COUNTIFS('Bug Log'!$J$2:$J$200,$A5,'Bug Log'!$B$2:$B$200,C$3) -> 0 | D5: =COUNTIFS('Bug Log'!$J$2:$J$200,$A5,'Bug Log'!$B$2:$B$200,D$3) -> 0 | E5: =SUM(B5:D5) -> 1
A6: Needs testing | B6: =COUNTIFS('Bug Log'!$J$2:$J$200,$A6,'Bug Log'!$B$2:$B$200,B$3) -> 2 | C6: =COUNTIFS('Bug Log'!$J$2:$J$200,$A6,'Bug Log'!$B$2:$B$200,C$3) -> 0 | D6: =COUNTIFS('Bug Log'!$J$2:$J$200,$A6,'Bug Log'!$B$2:$B$200,D$3) -> 0 | E6: =SUM(B6:D6) -> 2
A7: Fixed | B7: =COUNTIFS('Bug Log'!$J$2:$J$200,$A7,'Bug Log'!$B$2:$B$200,B$3) -> 15 | C7: =COUNTIFS('Bug Log'!$J$2:$J$200,$A7,'Bug Log'!$B$2:$B$200,C$3) -> 2 | D7: =COUNTIFS('Bug Log'!$J$2:$J$200,$A7,'Bug Log'!$B$2:$B$200,D$3) -> 0 | E7: =SUM(B7:D7) -> 17
A8: Won't fix | B8: =COUNTIFS('Bug Log'!$J$2:$J$200,$A8,'Bug Log'!$B$2:$B$200,B$3) -> 0 | C8: =COUNTIFS('Bug Log'!$J$2:$J$200,$A8,'Bug Log'!$B$2:$B$200,C$3) -> 0 | D8: =COUNTIFS('Bug Log'!$J$2:$J$200,$A8,'Bug Log'!$B$2:$B$200,D$3) -> 0 | E8: =SUM(B8:D8) -> 0
A9: Total | B9: =SUM(B4:B8) -> 18 | C9: =SUM(C4:C8) -> 2 | D9: =SUM(D4:D8) -> 0 | E9: =SUM(E4:E8) -> 20
A11: Still open by severity | B11: Count
A12: High | B12: =COUNTIFS('Bug Log'!$C$2:$C$200,$A12,'Bug Log'!$J$2:$J$200,"Open")+COUNTIFS('Bug Log'!$C$2:$C$200,$A12,'Bug Log'!$J$2:$J$200,"In progress")+COUNTIFS('Bug Log'!$C$2:$C$200,$A12,'Bug Log'!$J$2:$J$200,"Needs testing") -> 0
A13: Medium | B13: =COUNTIFS('Bug Log'!$C$2:$C$200,$A13,'Bug Log'!$J$2:$J$200,"Open")+COUNTIFS('Bug Log'!$C$2:$C$200,$A13,'Bug Log'!$J$2:$J$200,"In progress")+COUNTIFS('Bug Log'!$C$2:$C$200,$A13,'Bug Log'!$J$2:$J$200,"Needs testing") -> 3
A14: Low | B14: =COUNTIFS('Bug Log'!$C$2:$C$200,$A14,'Bug Log'!$J$2:$J$200,"Open")+COUNTIFS('Bug Log'!$C$2:$C$200,$A14,'Bug Log'!$J$2:$J$200,"In progress")+COUNTIFS('Bug Log'!$C$2:$C$200,$A14,'Bug Log'!$J$2:$J$200,"Needs testing") -> 0
A16: How to use this log
A17: Add each new issue as a new row at the bottom of the Bug Log tab. Use the next ID (BUG-014, BUG-015...).
A18: Edit only the Bug Log tab. The counts on this tab update by themselves (rows up to 200 are counted).
A19: Status: Open, In progress, Fixed, Needs testing (cannot be confirmed here), Won't fix. Pick from the dropdown.
A20: When something is fixed, set Status to Fixed and write the version or date in "Fixed in".
A21: Type: Bug = confirmed by a probe or by reading the code. Risk = could happen, not reproduced. Unverified = cannot be tested without the real app. Visual = a layout or appearance problem seen in a screenshot.
A22: Severity: High = could ruin a game result. Medium = wrong or confusing for the GM. Low = cosmetic or rare edge case.
A23: Rows BUG-001 to BUG-013 were found on 2026-10-28 by reading the code and running probe scripts, not in the live app.
A24: Rows BUG-014 to BUG-020 (Visual) were found on 2026-10-28 from screenshots of a mirror render (real CSS and logic, not the compiled app). Screenshots are in the screenshots folder.
